Publish date,Post title,Post URL,Categories,Tags,SEO Research/Brief,,,,,,,,,,,
24/12/2021,Transak Receives Full Authorization with the UK FCA as a Registered Crypto-Asset Firm,https://blog.transak.com/en/blog-old/transak-receives-full-authorization-with-the-uk-fca-as-a-registered-crypto-asset-firm,News & Press Release,,,,CATEGORIES,Product,Partnerships & Integrations,Learn & Research,Announcements,Thought Leader,Newsletters,Guest Post,Case Study,Podcasts
27/01/2022,Transak partners with Ibiza Token,http://transak.com/blog/transak-partners-with-ibiza-token,News & Press Release," Tokens and standards, Simplifying User Onboarding, NFTs, Partnerships & Integrations",,,TAGS,NFT Checkout,On-ramp ,Gaming,Team,Technical,,,,
27/01/2022,What are fiat on-ramps and off-ramps?,http://transak.com/blog/what-are-fiat-on-ramps-and-off-ramps-transak,Learning Hub," Educational, Blockchain 101,DeFi, Explainers, On-Ramp,Off-Ramp",,,,Transak One,Off Ramp,Blockchain 101,Product,Ecosystem,,,,
25/02/2022,Transak is pleased to announce a new and exciting partnership with Avarta,http://transak.com/blog/transak-is-pleased-to-announce-a-new-and-exciting-partnership-with-avarta,News & Press Release,"Wallets, DeFi, Web3,Partnerships & Integrations",,,,Transak Stream,NFT,Tokens & Standards,Company,Adoption ,,,,
01/03/2022,Transak launches its full suite of services in India to empower the next generation of Web3 developers and make crypto accessible,http://transak.com/blog/transak-expands-in-india-to-empower-web3-developers-to-onboard-the-next-billion-users,News & Press Release," Ecosystem, Launch,Web3, DeFi",,,,KYC ,Gaming ,Trending,Events,,,,,
23/03/2022,Transak Features Apple Pay as Payment Option to Make Crypto More Accessible to All,http://transak.com/blog/transak-features-apple-pay,News & Press Release,"Partnerships and Integrations, DeFi, Web3, Simplifying User Onboarding",,,,On-Ramp,Wallets ,How-To Guides,Partners ,,,,,
07/04/2022,Cask Protocol Dao Wins Transak ETHDenver Hackathon,http://transak.com/blog/cask-protocol-dao,News & Press Release,"Announcements, Educational, Blockchain 101, Educational",,,,Off-Ramp,Exchanges ,Scams ,Compliance,,,,,
11/04/2022,agEUR is now listed and available on Transak - Test,https://blog.transak.com/en/blog-old/ageur-is-now-listed-and-available-on-transak,News & Press Release,"Partnerships and Integrations, DeFi, Web3, Tokens & Standards",,,,User Onboarding,Blockchain ,Security ,Regulatory Licenses,,,,,
13/04/2022,How to Process Onramp Transactions from your dApps,http://transak.com/blog/dapp-onramp-transactions,Learning Hub,"How-to Guides, Educational, Blockchain 101,DeFi, Explainers, On-Ramp",,,,Expansions,Partner App ,Layer 2,Expansions,,,,,
14/04/2022,Transak Integrates With the World’s Second-Largest DeFi Protocol Blockchain,http://transak.com/blog/transak-terra-luna-partnership,News & Press Release,"Blockchain 101, Partnerships and Integrations, DeFi, Tokens and standards, Simplifying User Onboarding",,,,,Layer 2 ,Staking ,,,,,,
15/04/2022,How to Buy Cryptocurrency on MetaMask,http://transak.com/blog/how-to-buy-cryptocurrency-metamask,Learning Hub,"How-to Guides, Explainer, DeFi",,,,,User Experience ,DeFi,,,,,,
26/04/2022,Transak Celebrates 7x Growth YOY; More Than $420M in Total Transactions on Its Journey to Being One the of the Fastest Growing Crypto Companies Globally,https://blog.transak.com/en/blog-old/transak-celebrates-7x-growth-yoy,News & Press Release,,,,,,Payments ,Trading,,,,,,
28/04/2022,What is KYC in Crypto?,http://transak.com/blog/what-is-kyc-crypto,Learning Hub,"Educational, Blockchain 101,DeFi, Explainers, KYC",,,,,,Security,,,,,,
28/04/2022,1inch Wallet is Now Integrated with Transak Fiat OnRamp,http://transak.com/blog/1inch-wallet-is-now-integrated,News & Press Release,"Wallets, DeFi, Web3,Partnerships & Integrations",,,,,,NFTs,,,,,,
04/05/2022,How to Buy Crypto in the 1inch Wallet Using Transak,http://transak.com/blog/how-to-buy-cryptocurrency-1inch,Learning Hub,"How-to Guides, Explainer, DeFi",,,,,,Market Trends ,,,,,,
09/05/2022,How to Buy Crypto with YieldNodes Using Transak,http://transak.com/blog/how-to-buy-cryptocurrency-yieldnodes,Learning Hub,"How-to Guides, Explainer, DeFi",,,,,,Adoption ,,,,,,
12/05/2022,What Are Algorithmic Stablecoins and How Do They Differ From Their Peers?,http://transak.com/blog/what-are-algorithmic-stablecoins,Learning Hub,"Educational, Blockchain 101,DeFi, Explainers",,,,,,Memecoisn ,,,,,,
16/05/2022,How to Buy $KDA With Transak,http://transak.com/blog/how-to-buy-kda-with-transak,Learning Hub,"How-to Guides, Explainer, DeFi, Tokens & Standards",,,,,,Airdrops ,,,,,,
18/05/2022,Transak Announces Official Strategic Partnership with NEAR,http://transak.com/blog/transak-partners-with-near,News & Press Release," Partnerships and Integrations, DeFi, Blockchain 101, Web3",,,,,,Ethereum ,,,,,,
23/05/2022,Splinterlands Highlight: Transak Partners With the World’s Most Popular P2E Blockchain Game,http://transak.com/blog/transak-splinterlands-partnership-integration,News & Press Release,"Partnerships and Integrations, DeFi, Blockchain 101, Gaming",,,,,,Bitcoin ,,,,,,
25/05/2022,Quixotic is Now Integrated with Transak Fiat On-Ramp,http://transak.com/blog/quixotic-integrated-with-transak,News & Press Release," Partnerships and Integrations, Layer 2, NFTs, DeFi, On-Ramp",,,,,,,,,,,,
02/06/2022,Transak Ecosystem Spotlight: All About Polygon,http://transak.com/blog/transak-polygon-partnership,,"Ecosystem, Web3, Explainer",,,,,,,,,,,,
06/06/2022,Liquality Integrates Transak to Ease Fiat-to-dApp Experience,http://transak.com/blog/liquality-integrated-with-transak,News & Press Release," Partnerships and Integrations, Wallet,Web3, DeFi, On-Ramp, Simplifying User Onboarding",,,,,,,,,,,,
07/06/2022,LUNA 2.0 is Now Available for Purchases Via Transak,http://transak.com/blog/luna-is-available-on-transak,News & Press Release,"Wallets, Partnerships and Integrations, Tokens and standards, DeFi",,,,,,,,,,,,
09/06/2022,"Scaling Fast With Layer 2s: Sandeep Nailwal, Co-Founder of Polygon Technology",http://transak.com/blog/masters-of-web3-ep1-with-sandeep-nailwal,Podcasts,"Explainer, Layer2,DeFi, Web3, Blockchain 101",,,,,,,,,,,,
10/06/2022,What Is A Crypto On-Ramp? Fiat-to-Crypto Simplified,http://transak.com/blog/what-is-crypto-onramp,Learning Hub,"Educational, Blockchain 101,DeFi, Explainers, On-Ramp",,,,,,,,,,,,
10/06/2022,Transak’s Guide to Crypto On-ramp,https://blog.transak.com/en/blog-old/what-is-crypto-onramp,Learning Hub,"How-to Guides, Explainer, DeFi, On-Ramp",,,,,,,,,,,,
17/06/2022,"The Future of Internet: Web3, Explained",https://blog.transak.com/en/blog-old/what-is-web3,Learning Hub,"Educational,Web3, Blockchain 101,DeFi, Explainers",,,,,,,,,,,,
17/06/2022,From Corporate to DAOs: Weso’s Journey to Beefy,https://blog.transak.com/en/blog-old/masters-of-web3-ep2-with-weso,Podcast,"Explainer, Web3, Blockchain 101",,,,,,,,,,,,
24/06/2022,"Reimagining Proof of Work: Anastasia Bez, Kadena Director of Operations",http://transak.com/blog/reimagining-proof-of-work-with-anastasia-bez-of-kadena,Podcast,"Explainer, Web3, Blockchain 101, Simplifying User Onboarding",,,,,,,,,,,,
24/06/2022,Transak.com got an Upgrade,http://transak.com/blog/transak-got-an-upgrade,News & Press Release,,,,,,,,,,,,,
27/06/2022,Transak Fiat OnRamp has Extended Support to Projects Building on Elrond Network; ZoidPay first dApp integrated,http://transak.com/blog/transak-fiat-onramp-has-extended-support-to-projects-building-on-elrond-network-zoidpay-first-dapp-integrated,News & Press Release," Partnerships and Integrations, Tokens & Standards,Web3, DeFi, On-Ramp, Simplifying User Onboarding",,,,,,,,,,,,
30/06/2022,Sperax Integrates Transak; Lists Two Tokens on the Onramp,http://transak.com/blog/sperax-integrates-transak-lists-two-tokens-on-the-onramp,News & Press Release," Partnerships and Integrations, Tokens & Standards,Web3, DeFi, On-Ramp, Simplifying User Onboarding",,,,,,,,,,,,
01/07/2022,"Inside Arbitrum: Harry Kalodner, Co-Founder & CTO of Offchain Labs",http://transak.com/blog/inside-arbitrum-with-harry-kalodner,Podcast,"Explainer, Web3, Blockchain 101",,,,,,,,,,,,
07/07/2022,Paras.id is now Integrated with Transak,http://transak.com/blog/paras.id-is-now-integrated-with-transak,News & Press Release," Partnerships and Integrations, Web3, DeFi, On-Ramp, Simplifying User Onboarding",,,,,,,,,,,,
08/07/2022,"Solving for Scalability: Yan Martins, Co-Founder & CEO of Hathor Labs",http://transak.com/blog/solving-for-scalability-with-yan-martins-hathor-labs,Podcast,"Explainer, Web3, Blockchain 101",,,,,,,,,,,,
11/07/2022,IXFI Integrates with Transak to Make Crypto More Accessible Than Ever,http://transak.com/blog/ixfi-now-integrated-with-transak,News & Press Release," Partnerships and Integrations, Web3, DeFi, On-Ramp, Simplifying User Onboarding",,,,,,,,,,,,
11/07/2022,How to Buy ZEN on Horizen With Transak,http://transak.com/blog/how-to-buy-zen-on-horizen-with-transak,Learning Hub,"How-to Guides, Explainer, DeFi",,,,,,,,,,,,
12/07/2022,LetsExchange Partners with Transak Fiat On-Ramp,http://transak.com/blog/letsexchange-now-integrated-with-transak,News & Press Release," Partnerships and Integrations, Web3, DeFi, On-Ramp, Simplifying User Onboarding",,,,,,,,,,,,
13/07/2022,Transak Eases Crypto Onboarding for Thailand Users; Adds Local Thai Payment Methods to On-Ramp,http://transak.com/blog/transak-eases-crypto-onboarding-for-thailand-users-adds-local-thai-payment-methods-to-on-ramp,News & Press Release," Product Updates, Web3, DeFi, Expansion, Simplifying User Onboarding",,,,,,,,,,,,
15/07/2022,Transak Integrates with Sender to expand accessibility for the NEAR ecosystem,http://transak.com/blog/sender-wallet-now-integrated-with-transak,News & Press Release," Partnerships and Integrations, Web3, DeFi, On-Ramp, Simplifying User Onboarding, Expansion",,,,,,,,,,,,
15/07/2022,"Building Optimism’s First NFT Marketplace: Mark Dawson, Co-Founder of Quixotic",http://transak.com/blog/building-optimisms-first-nft-marketplace-mark-dawson-co-founder-of-quixotic,Podcast,"Explainer, Web3, Blockchain 101, NFTs",,,,,,,,,,,,
15/07/2022,Transak Releases Transak One: A New Feature to Onboard Users from Fiat to a Crypto Protocol in Just One Step,http://transak.com/blog/-temporary-slug-18b72aac-870d-4917-802c-19773a79c2d8,News & Press Release," Product Updates, Launch, Transak One",,,,,,,,,,,,
18/07/2022,Why Crypto On-Ramps Matter,http://transak.com/blog/why-crypto-onramps-matter,Learning Hub,"Explainer, Web3, Blockchain 101, on-Ramp",,,,,,,,,,,,
20/07/2022,Transak Integrates with TokenPocket,http://transak.com/blog/tokenpocket-now-integrated-with-transak,News & Press Release," Partnerships and Integrations, Web3, DeFi, Wallets, Simplifying User Onboarding",,,,,,,,,,,,
21/07/2022,5 Ways to Make Money in the Metaverse,http://transak.com/blog/how-to-make-money-in-the-metaverse,Learning Hub,"Explainer, Web3, Blockchain 101",,,,,,,,,,,,
22/07/2022,"From TradFi to DeFi: Aziz Zainuddin (Atticus), Co-Founder of StellaSwap",http://transak.com/blog/from-tradfi-to-defi-atticus-co-founder-of-stellaswap-transak,Podcast,"Explainer, Web3, Blockchain 101, DeFi",,,,,,,,,,,,
28/07/2022,Transak Integrates with KyberSwap to ease DeFi Onboarding,http://transak.com/blog/kyberswap-now-integrated-with-transak,News & Press Release," Partnerships and Integrations, Web3, DeFi, Simplifying User Onboarding",,,,,,,,,,,,
30/07/2022,The History & Future of Institutional DeFi: Luigi D’Onorio of Ava Labs,http://transak.com/blog/the-history-future-of-institutional-defi-luigi-donorio-of-ava-labs,Podcast,"Explainer, Web3, Blockchain 101, DeFi",,,,,,,,,,,,
09/08/2022,"Optimizing Ad Tech Sales with Blockchain: Vanina Ivanova, Chief Marketing Officer at Ambire",http://transak.com/blog/optimizing-ad-tech-sales-with-blockchain-vanina-ivanova-chief-marketing-officer-at-ambire,Podcast,"Explainer, Web3, Blockchain 101, DeFi",,,,,,,,,,,,
12/08/2022,"Where Morals and Crypto Meet: Marek Olszewski, Co-founder and CTO of cLabs",http://transak.com/blog/where-morals-and-crypto-meet-marek-olszewski-co-founder-and-cto-of-clabs,Podcast,"Explainer, Web3, Blockchain 101, DeFi",,,,,,,,,,,,
12/08/2022,USDT (Tether) on Algorand now available for purchases via Transak,http://transak.com/blog/buy-usdt-on-algorand-via-transak,News & Press Release," Partnerships and Integrations, Tokens & Standards,Web3, DeFi, Simplifying User Onboarding",,,,,,,,,,,,
25/08/2022,MyAlgo Wallet Integrates Transak to enable direct Algorand purchases,http://transak.com/blog/myalgo-integrates-transak,News & Press Release," Partnerships and Integrations, Web3, DeFi, Wallets, Simplifying User Onboarding",,,,,,,,,,,,
29/08/2022,"The Open Metaverse, Navigation, and Search Engines: Anastasia Uglova, Head of Communications at Lighthouse",http://transak.com/blog/the-open-metaverse-navigation-and-search-engines-anastasia-uglova-head-of-communications-at-lighthouse,Podcast,"Explainer, Web3, Blockchain 101, DeFi",,,,,,,,,,,,
30/08/2022,How to Set Up a Crypto Wallet?,http://transak.com/blog/how-to-setup-a-crypto-wallet,Learning Hub,"How-to Guides, Explainer, DeFi, Wallets",,,,,,,,,,,,
01/09/2022,"Upcoming P2E project, Tamadoge partners with Transak to enable crypto purchases",http://transak.com/blog/tamadoge-partners-with-transak,News & Press Release," Partnerships and Integrations, Web3, DeFi, On-Ramp, Simplifying User Onboarding",,,,,,,,,,,,
06/09/2022,Aloha Wallet integrates Transak to onboard users,http://transak.com/blog/aloha-partners-with-transak,News & Press Release," Partnerships and Integrations, Web3, DeFi, Wallets, Simplifying User Onboarding",,,,,,,,,,,,
09/09/2022,$FJB now available for purchases via Transak; Buy now from 125+ countries,http://transak.com/blog/buy-fjb-via-transak,News & Press Release," Partnerships and Integrations, Tokens & Standards,Web3, DeFi, On-Ramp, Simplifying User Onboarding",,,,,,,,,,,,
09/09/2022,Product Updates: Shipped in August’22,http://transak.com/blog/product-updates-august-2022,News & Press Release," Product Updates, Launch",,,,,,,,,,,,
14/09/2022,Take Note: The Upcoming Ethereum Merge (14-Sep-2022 | 1530 UTC Update),http://transak.com/blog/the-merge-update-from-transak-14-september-1530utc,,,,,,,,,,,,,,
15/09/2022,MyNearWallet integrates Transak to enable user onboarding,http://transak.com/blog/mynearwallet-partners-with-transak,News & Press Release," Partnerships and Integrations, Web3, DeFi, Wallets, Simplifying User Onboarding",,,,,,,,,,,,
16/09/2022,Top Crypto Events to Look Out For in the Last Half of 2022,http://transak.com/blog/best-crypto-events,,Events,,,,,,,,,,,,
19/09/2022,Transak extends support for AURORA blockchain globally,http://transak.com/blog/buy-aurora-with-transak,News & Press Release," Product Updates, Web3, DeFi, Blockchain 101, Simplifying User Onboarding",,,,,,,,,,,,
21/09/2022,SubWallet integrates Transak to onboard users to Polkadot and Kusama,http://transak.com/blog/subwallet-partners-with-transak,News & Press Release," Partnerships and Integrations, Web3, DeFi, Wallets, Simplifying User Onboarding",,,,,,,,,,,,
27/09/2022,Transak eases crypto purchases and onboarding for Philippines with Gcash and Maya,http://transak.com/blog/transak-eases-crypto-onboarding-for-philippines-users-with-gcash-and-maya,News & Press Release," Product Updates, Web3, DeFi, Expansion, Simplifying User Onboarding",,,,,,,,,,,,
28/09/2022,How to Buy Land in the Metaverse,http://transak.com/blog/how-to-buy-land-in-the-metaverse,Learning Hub,"How-to Guides, Explainer, DeFi, Tokens and Standards",,,,,,,,,,,,
07/10/2022,How to Use the World’s First Metaverse ATM,http://transak.com/blog/metaverse-atm,Learning Hub,"How-to Guides, Explainer, DeFi",,,,,,,,,,,,
07/10/2022,Transak’s Guide to Crypto Off-Ramp,http://transak.com/blog/crypto-offramp,Learning Hub,"How-to Guides, Explainer, DeFi",,,,,,,,,,,,
07/10/2022,"A Decentralized Discord Alternative: Chris Castig, Co-founder at Console",http://transak.com/blog/-temporary-slug-acc2b5fb-095c-42ed-a77c-961bb41c1483,Podcast,"Explainer, Web3, Blockchain 101, DeFi",,,,,,,,,,,,
07/10/2022,"Cross-chain Interoperability: Rahul Sethuram, CTO at Connext Labs Inc.",http://transak.com/blog/-temporary-slug-90ce9bde-5d06-4093-8440-b5733eca07cf,Podcast,"Explainer, Web3, Blockchain 101, DeFi",,,,,,,,,,,,
07/10/2022,"Stablecoins and Maker Protocol: Sam MacPherson, Lead Developer, MakerDAO",http://transak.com/blog/-temporary-slug-00fc7d10-4744-4047-9d23-a52bedac7417,Podcast,"Explainer, Web3, Blockchain 101, DeFi",,,,,,,,,,,,
10/10/2022,"Crypto and Compliance: James Young, Head of Compliance & MLRO at Transak",http://transak.com/blog/crypto-and-compliance-james-young-head-of-compliance-mlro-at-transak,Podcast,"Explainer, Web3, Blockchain 101, DeFi",,,,,,,,,,,,
19/10/2022,Sushi integrates Transak to ease crypto purchases for users,http://transak.com/blog/sushi-partners-with-transak,News & Press Release," Partnerships and Integrations, Web3, DeFi, On-Ramp, Simplifying User Onboarding",,,,,,,,,,,,
1/11/2022,"AAVE has integrated Transak to enable crypto purchases via local payment methods, globally",http://transak.com/blog/aave-partners-with-transak,News & Press Release," Partnerships and Integrations, Web3, DeFi, On-Ramp, Simplifying User Onboarding",,,,,,,,,,,,
07/11/2022,Securo integrates Transak to onboard users and support Defi community,http://transak.com/blog/securo-partners-with-transak,News & Press Release," Partnerships and Integrations, Web3, DeFi, On-Ramp, Simplifying User Onboarding",,,,,,,,,,,,
08/11/2022,Transak docs have been optimized and Staging APIs are updated,http://transak.com/blog/tech-support-updates-nov-2022,,,,,,,,,,,,,,
09/11/2022,$MSU now available for purchase with cards or local payment methods,http://transak.com/blog/buy-msu-via-transak,News & Press Release," Partnerships and Integrations, Product Updates, Web3, DeFi, Simplifying User Onboarding, Tokens and Standards",,,,,,,,,,,,
14/11/2022,"With Transak, users can now off-ramp 40+ crypto assets directly to their bank accounts",http://transak.com/blog/transak-launches-off-ramp,News & Press Release,"Product Updates, Web3, DeFi, Expansion, Simplifying User Onboarding, Tokens and Standards",,,,,,,,,,,,
14/11/2022,Thoughts on the FTX situation and how it impacts Transak,http://transak.com/blog/thoughts-on-ftx-and-impact-on-transak,Thought Leader,"Web3, DeFi, Explainer",,,,,,,,,,,,
17/11/2022,$TT - ThunderCore now available for purchase with cards or local payment methods,http://transak.com/blog/buy-tt-via-transak,News & Press Release," Partnerships and Integrations, Product Updates, Web3, DeFi, Simplifying User Onboarding, Tokens and Standards",,,,,,,,,,,,
23/11/2022,Terms of Service - US,http://transak.com/dynamic-pages/terms-us,,,,,,,,,,,,,,
25/11/2022,Terms of Service - Rest of World,http://transak.com/dynamic-pages/terms-row,,,,,,,,,,,,,,
30/11/2022,"Content is being updated, please come back later",http://transak.com/blog/how-to-pay-using-zelle-cashapp-venmo-using-juno,,,,,,,,,,,,,,
1/12/2022,Acceptable Use Policy,http://transak.com/dynamic-pages/acceptable-use-policy,,,,,,,,,,,,,,
01/12/2022,Transak Vendor List,http://transak.com/dynamic-pages/transak-vendor-list,,,,,,,,,,,,,,
02/12/2022,Coinbase Wallet integrates Transak to ease user onboarding to the Philippines and Thailand,http://transak.com/blog/coinbase-wallet-partners-with-transak,News & Press Release," Partnerships and Integrations, Web3, DeFi, Simplifying User Onboarding, Wallets",,,,,,,,,,,,
15/12/2022,$LOOKS - LooksRare now available for purchase with cards or local payment methods,http://transak.com/blog/buy-looks-via-transak,News & Press Release," Partnerships and Integrations, Web3, DeFi, Simplifying User Onboarding, Tokens and Standards",,,,,,,,,,,,
19/12/2022,How to find your UPI or IMPS transaction ID?,http://transak.com/blog/how-to-find-your-upi-transaction-id,Learning Hub,"How-to Guides, Explainer, DeFi",,,,,,,,,,,,
22/12/2022,DappRadar integrates Transak to enable crypto purchases with local payment methods,http://transak.com/blog/dappradar-partners-with-transak,News & Press Release," Partnerships and Integrations, Web3, DeFi, Simplifying User Onboarding, Tokens and Standards",,,,,,,,,,,,
11/1/2023,Transak's 2022 in Review - Best Year Ever!,http://transak.com/blog/transak-2022-in-review,News & Press Release,Reviews,,,,,,,,,,,,
16/03/2023,Transak will support user onboarding to Polygon zkEVM,http://transak.com/blog/transak-will-support-user-onboarding-to-polygon-zkevm,News & Press Release," Partnerships and Integrations, Web3, DeFi, Simplifying User Onboarding, Blockchain 101",,,,,,,,,,,,
22/03/2023,How to enable camera permissions while doing KYC,http://transak.com/blog/how-to-enable-camera-permissions-while-doing-kyc,Learning Hub,"How-to Guides, Explainer, DeFi",,,,,,,,,,,,
12/04/2023,Injective is now available on Transak; Enabling easy fiat access into the Injective ecosystem,http://transak.com/blog/transak-supports-injective,News & Press Release," Partnerships and Integrations, Web3, DeFi, Simplifying User Onboarding, Tokens and Standards",,,,,,,,,,,,
13/04/2023,How to Onboard directly to Polygon zkEVM with Fiat using easy card & bank transfers,http://transak.com/blog/transak-supports-polygon-zkevm,Learning Hub,"How-to Guides, Explainer, DeFi",,,,,,,,,,,,
03/05/2023,SUI now available on Transak - The Launch On-ramp Partner for Sui Network,http://transak.com/blog/transak-supports-sui,News & Press Release," Partnerships and Integrations, Web3, DeFi, Simplifying User Onboarding, Tokens and Standards",,,,,,,,,,,,
30/05/2023,Series-A Announcement: Transak Secures $20M to Solve Web3 Onboarding End-To-End,http://transak.com/blog/transak-series-a,News & Press Release,,,,,,,,,,,,,
24/08/2023,Understanding Linea: A Guide to Purchasing ETH or USDC and Onboarding Directly to Linea,http://transak.com/blog/transak-supports-linea,Learning Hub,"How-to Guides, Explainer, DeFi",,,,,,,,,,,,
25/08/2023,Protect Yourself From Crypto Scams,http://transak.com/blog/protect-yourself-from-crypto-scams,Learning Hub,"Educational, Explainer, Web3, Blockchain 101",,,,,,,,,,,,
31/08/2023,Transak Extends Support to Aleph Zero: Direct AZERO Token Purchases Now Available with Fiat from 160+ Countries,http://transak.com/blog/transak-supports-azero,News & Press Release," Partnerships and Integrations, Web3, DeFi, Simplifying User Onboarding, Tokens and Standards, Blockchain 101",,,,,,,,,,,,
08/09/2023,MetaMask Enables ETH Sell Feature Using Transak’s Off-Ramp,http://transak.com/blog/metamask-integrates-transak-offramp,News & Press Release," Partnerships and Integrations, Web3, DeFi, Simplifying User Onboarding, Wallets, Off-Ramp",,,,,,,,,,,,
21/09/2023,PancakeSwap Integrates Transak to Ease Fiat-to-Crypto Onboarding in Multichain DeFi,http://transak.com/blog/pancakeswap-integrates-transak,News & Press Release," Partnerships and Integrations, Web3, DeFi, Simplifying User Onboarding",,,,,,,,,,,,
28/09/2023,Transak expands into TON ecosystem with its integration on Tonkeeper Wallet,http://transak.com/blog/tonkeeper-integrates-transak,News & Press Release," Partnerships and Integrations, Expansion, Web3, DeFi, Simplifying User Onboarding, Tokens and Standards, Wallets",,,,,,,,,,,,
06/10/2023,Okto Users Can Now Purchase Crypto with Popular Payment Methods in India and Globally Via Transak,http://transak.com/blog/okto-integrates-transak,News & Press Release," Partnerships and Integrations, Expansion, Web3, DeFi, Simplifying User Onboarding, Wallets",,,,,,,,,,,,
09/10/2023,Navigating the New FCA Regulations: A Look at Transak's Path Ahead for UK based Users,http://transak.com/blog/fca-regulations-for-uk-as-of-8th-october,,,,,,,,,,,,,,
17 Oct 2023,How to Invest in Cryptocurrencies in India,http://transak.com/blog/how-to-invest-in-cryptocurrencies-in-india,Learning Hub,"How-to Guides, Explainer, DeFi, Educational",,,,,,,,,,,,
2/11/2023,Transak Teams Up with LUKSO to Improve Creative Economies,http://transak.com/blog/lukso-partners-with-transak,News & Press Release," Partnerships and Integrations, Web3, DeFi, Simplifying User Onboarding",,,,,,,,,,,,
03/11/2023,India’s Crypto Journey: From Skepticism to Regulation,http://transak.com/blog/indias-crypto-journey,Learning Hub," Explainer, DeFi, Educational",,,,,,,,,,,,
06/11/2023,MetaWealth Partners with Transak to Simplify Asset Tokenization for Mainstream Investors,http://transak.com/blog/metawealth-partners-with-transak,News & Press Release," Partnerships and Integrations, Web3, DeFi, Simplifying User Onboarding, Tokens and Standards, Blockchain 101",,,,,,,,,,,,
09/11/2023,Bridging Digital Horizons: Transak and PlayZap Pave the Way for Crypto-Enabled Gaming Globally,http://transak.com/blog/playzap-partners-with-transak,News & Press Release," Partnerships and Integrations, Web3, Gaming, Simplifying User Onboarding, Tokens and Standards, Blockchain 101",,,,,,,,,,,,
10/11/2023,Transak and ParaSwap: Partnering for a Frictionless DeFi Onboarding Experience,http://transak.com/blog/paraswap-integrates-transak,News & Press Release," Partnerships and Integrations, Web3, DeFi, Simplifying User Onboarding, Blockchain 101",,,,,,,,,,,,
22/11/2023,Buy and Sell VEXT now from 160+ countries using 20+ payment methods,http://transak.com/blog/transak-supports-vext,News & Press Release," Partnerships and Integrations, Web3, Gaming, Simplifying User Onboarding, Tokens and Standards, Blockchain 101",,,,,,,,,,,,
23/11/2023,Transak’s Commitment: Self-Custody of Funds and Assets,http://transak.com/blog/transaks-commitment-to-self-custody-of-funds-and-assets,,,,,,,,,,,,,,
23/11/2023,How NFT Checkout Helps NFT Marketplaces,http://transak.com/blog/how-nft-checkout-helps-nft-marketplaces,Learning Hub," Explainer, DeFi, Educational, NFT Checkout, NFTs",,,,,,,,,,,,
23/11/2023,How NFT Checkout Helps Games,http://transak.com/blog/how-nft-checkout-helps-games,Learning Hub," Explainer, DeFi, Educational, NFT Checkout, NFTs, Gaming",,,,,,,,,,,,
23/11/2023,How NFT Checkout Helps Brands,http://transak.com/blog/how-nft-checkout-helps-brands,Learning Hub," Explainer, DeFi, Educational, NFT Checkout, NFTs",,,,,,,,,,,,
28/11/2023,Transak Joins Forces with Blockchain Game Alliance to Revolutionize Web3 Gaming Onboarding,http://transak.com/blog/transak-joins-forces-with-blockchain-game-alliance,News & Press Release," Partnerships and Integrations, Web3, Gaming, Simplifying User Onboarding, Blockchain 101",,,,,,,,,,,,
29/11/2023,The Most Capable NFT Checkout Solution for Web3 & Gaming,http://transak.com/blog/transak-launches-nft-checkout,News & Press Release," Product Updates Web3, Gaming, Simplifying User Onboarding,Launch, NFTs, NFT Checkout",,,,,,,,,,,,
5/12/2023,Transak is proud to be registered with FIU-India as a VDA SP (Virtual Digital Assets Service Provider),http://transak.com/blog/transak-registers-with-fiu-india-as-a-virtual-digital-assets-service-provider,,,,,,,,,,,,,,
11/12/2023,Immutable Partners with Transak to Bring Frictionless Payments to Games,http://transak.com/blog/immutable-partners-with-transak,News & Press Release," Partnerships and Integrations, Web3, Gaming, Simplifying User Onboarding, Blockchain 101",,,,,,,,,,,,
14/12/2023,Web3 Gaming: This Changes Everything!,http://transak.com/blog/web3-gaming-this-changes-everything,Learning Hub," Explainer, DeFi, Educational,  Gaming",,,,,,,,,,,,
15/12/2023,Important Update: Scheduled Maintenance for KYC Verification,http://transak.com/blog/brief-kyc-downtime-message,,,,,,,,,,,,,,
18/12/2023,Partner Terms of Service,http://transak.com/dynamic-pages/partner-terms-of-service,,,,,,,,,,,,,,
20/12/2023,What Are Address Poisoning Attacks?,http://transak.com/blog/what-are-address-poisoning-attacks,Learning Hub," Explainer, DeFi, Educational, Security",,,,,,,,,,,,
21/12/2023,Product Specific Risk Summary,http://transak.com/dynamic-pages/product-specific-risk-summary,,,,,,,,,,,,,,
27/12/2023,What is Friend.Tech? Guide to Getting Started,http://transak.com/blog/what-is-friend.tech-guide-to-getting-started,Learning Hub,"How-to Guides, Explainer, DeFi, Educational",,,,,,,,,,,,
29/12/2023,What Are Zero-Knowledge Proofs?: A Detailed Explainer,http://transak.com/blog/what-are-zero-knowledge-proofs-a-detailed-explainer,Learning Hub," Explainer, DeFi, Educational, Security",,,,,,,,,,,,
3/1/2024,What is Crypto Staking?,http://transak.com/blog/what-is-crypto-staking,Learning Hub," Explainer, DeFi, Educational, Web3",,,,,,,,,,,,
10/01/2024,Transak Multi-NFT Checkout Unlocks New Possibilities for Businesses,http://transak.com/blog/transak-multi-nft-checkout-unlocks-new-possibilities-for-businesses,News & Press Release," Product Updates Web3, Simplifying User Onboarding,Launch, NFTs, NFT Checkout",https://docs.google.com/document/d/12PP_4QUBhccQm-jrI8DsdcLY3XMAVsSwtX7tdv4V--A/edit?usp=sharing,,,,,,,,,,,
11/01/2024,"Transak Secures Key ISO/IEC 27001 Certification, Elevating Standards in Web3 Information Security Management",http://transak.com/blog/transak-secures-key-iso-iec-27001-certification,,,https://docs.google.com/document/d/1z6bIs52bEZxHevGCFiZwzQTBZr6zo_gIRHyU8ueWPKE/edit?usp=sharing,,,,,,,,,,,
16/01/2024,What are Cross-Chain Swaps?,http://transak.com/blog/what-are-cross-chain-swaps,Learning Hub," Explainer, DeFi, Educational, Web3",https://docs.google.com/document/d/13If5u7gNvlMvsaiBzxsunZsqoeB3y-W0-_YP4Gbyvn8/edit?usp=sharing,,,,,,,,,,,
17/01/2024,What is a Bitcoin ETF? A Simple Explainer,http://transak.com/blog/what-is-bitcoin-etf,Learning Hub," Explainer, DeFi, Educational, Web3",,,,,,,,,,,,
20/01/2024,Beginners Guide to ZED RUN and ZED Token,http://transak.com/blog/beginners-guide-to-zed-run-and-the-zed-token,Learning Hub,"How-to Guides, Explainer, DeFi, Educational, Tokens and standards",,,,,,,,,,,,
24/01/2024,Decoding Top 10 Airdrops in History,http://transak.com/blog/decoding-top-airdrops-in-history,Learning Hub," Explainer, DeFi, Educational, Web3",,,,,,,,,,,,
29/01/2024,What is Cryptocurrency Bridging? An Explainer on Crypto Bridges,http://transak.com/blog/what-is-cryptocurrency-bridging-an-explainer-on-crypto-bridges,Learning Hub," Explainer, DeFi, Educational, Web3",,,,,,,,,,,,
30/01/2024,Transak Partners with Visa to Enable Global Crypto Withdrawals,http://transak.com/blog/transak-partners-with-visa,News & Press Release," Partnerships and Integrations, Web3, Gaming, Simplifying User Onboarding, Blockchain 101",,,,,,,,,,,,
05/02/2024,What is zkEVM? A Breakthrough for Blockchain Games,http://transak.com/blog/what-is-zkevm,Learning Hub," Explainer, DeFi, Educational, Web3, Games",,,,,,,,,,,,
08/02/2024,Transak Expands into Hong Kong to Support Development & Growth of APAC's Nascent Digital Asset Ecosystem,http://transak.com/blog/transak-expands-into-hong-kong,News & Press Release," Product Updates Web3, Simplifying User Onboarding,Launch, Expansion",https://docs.google.com/document/d/1Mib94dOqZZEAUI04go68Qix-krijt8vJD4ghP5gHRUE/edit?usp=sharing,,,,,,,,,,,
09/02/2024,21 Premier Web3 Events in 2024 Q1,http://transak.com/blog/premier-web3-events,,,,,,,,,,,,,,
15/02/2024,LUKSO's Universal Profiles Integrates Transak For Mass Adoption In The Web3 Creator Economy,http://transak.com/blog/lukso-transak-partnership,News & Press Release," Partnerships and Integrations, Web3, Tokens and Standards, Simplifying User Onboarding, Blockchain 101",https://docs.google.com/document/d/1McQ-k2oPC630xRyqJleHgNi5RSd-RsTW1ayt6OPrgwc/edit?usp=sharing,,,,,,,,,,,
19/02/2024,Bitcoin Halving Explained (And Price Predictions for 2024),http://transak.com/blog/bitcoin-halving-explained-and-price-predictions,Learning Hub," Explainer, DeFi, Educational, Web3, Blockchain 101",https://docs.google.com/document/d/1dez2K7c5Ay9girME8sQZyye_JyyUwDhh7omLJgFNOI8/edit?usp=sharing,,,,,,,,,,,
21/02/2024,What are Bitcoin Ordinals? Easy Guide to Create Bitcoin NFTs,http://transak.com/blog/what-are-bitcoin-ordinals-guide-to-create-bitcoin-nft,Learning Hub,"How-to Guides, Explainer, DeFi, Educational, NFTs",,,,,,,,,,,,
22/02/2024,Zengo MPC Wallet Integrates Transak for Mainstream User Onboarding,http://transak.com/blog/zengo-transak-partnership,News & Press Release," Partnerships and Integrations, Web3, Wallets, Simplifying User Onboarding, Blockchain 101",https://docs.google.com/document/d/1AlF8eqrUGImP_9eLYrdSBz3gsgyRNrrDgX1Na4GxVrk/edit?usp=sharing,,,,,,,,,,,
23/02/2024,Popular NFT Types Explained: ERC-721 vs 721A vs 1155,http://transak.com/blog/popular-nft-types,Learning Hub," Explainer, DeFi, Educational, NFTs",,,,,,,,,,,,
29/02/2024,Transak and SKALE Partner to Solve High Gas Fees and Onboarding Challenges of Web3 Gaming,http://transak.com/blog/transak-and-skale-partnership,News & Press Release," Partnerships and Integrations, Web3, Gaming, Simplifying User Onboarding, Blockchain 101",,,,,,,,,,,,
04/03/2024,What is a DAO? A Simple Explainer,http://transak.com/blog/what-is-dao,Learning Hub," Explainer, DeFi, Educational, Web3, Blockchain 101",,,,,,,,,,,,
05/03/2024,The Role of DAOs in Gaming & How to Participate?,http://transak.com/blog/role-of-dao-in-gaming,Learning Hub," Explainer, DeFi, Educational, Web3, Blockchain 101, Gaming",,,,,,,,,,,,
08/03/2024,Transak Becomes First Global On/Off-Ramp To Achieve SOC 2 Type 2 Compliance,http://transak.com/blog/transak-becomes-soc-2-type-2-compliant,,,,,,,,,,,,,,
12/03/2024,"BitPay Integrates Transak, Enabling Its Users to Purchase Crypto Up to $75K in a Single Transaction",http://transak.com/blog/bitpay-integrates-transak,News & Press Release," Partnerships and Integrations, Web3, DeFi, Simplifying User Onboarding, Blockchain 101",,,,,,,,,,,,
13/03/2024,Beginner’s Guide to Splinterlands & Splintershards (SPS) Token,http://transak.com/blog/guide-to-splinterlands-and-sps-token,Learning Hub," Explainer, DeFi, Educational, Web3, Tokens and Standards, Gaming",,,,,,,,,,,,
13/03/2024,What is ERC-404? An Unofficial Token Standard on Ethereum,http://transak.com/blog/what-is-erc-404,Learning Hub," Explainer, DeFi, Educational, Web3, Tokens and Standards",,,,,,,,,,,,
19/03/2024,Beginner’s Guide to MotoGP Ignition,http://transak.com/blog/beginners-guide-to-motogp-ignition,Learning Hub," Explainer, DeFi, Educational, Web3, Tokens and Standards, Gaming",,,,,,,,,,,,
21/03/2024,Transak and Vertex Protocol Partner to Simplify Crypto Onboarding on DEXs,http://transak.com/blog/transak-and-vertex-protocol-partner,News & Press Release," Partnerships and Integrations, Web3, DeFi, Simplifying User Onboarding, Blockchain 101",,,,,,,,,,,,
22/03/2024,"Transak: Fueling Blockchain Gaming in SEA, APAC, and Beyond",http://transak.com/blog/blockchain-gaming-in-sea-apac,News & Press Release," Product Updates Web3, Simplifying User Onboarding,Launch, Expansion",,,,,,,,,,,,
25/03/2024,Bloom integrates Transak for users to buy IOTA directly from their wallet,http://transak.com/blog/bloom-integrates-transak-for-users-to-buy-iota,News & Press Release," Partnerships and Integrations, Web3, Wallets, Simplifying User Onboarding, Blockchain 101, Tokens and standards",,,,,,,,,,,,
26/03/2024,Beginner’s Guide to Formula E: High Voltage,http://transak.com/blog/beginners-guide-to-formula-e-high-voltage,Learning Hub,"How-to Guides, Explainer, DeFi, Educational",,,,,,,,,,,,
27/03/2024,What Are Ethereum Gas Fees and Gwei?,http://transak.com/blog/what-are-ethereum-gas-fees-and-gwei,Learning Hub," Explainer, DeFi, Educational, Web3",,,,,,,,,,,,
28/03/2024,Top 5 Crypto Narratives in 2024 for Narrative-Based Trading and Investing,http://transak.com/blog/top-crypto-narratives-for-trading-and-investing,Learning Hub," Explainer, DeFi, Educational, Web3",,,,,,,,,,,,
03/04/2024,Transak Welcomes Chiliz: Expanding Fan Engagement in Web3,http://transak.com/blog/transak-integrates-chiliz-token,News & Press Release," Partnerships and Integrations, Web3, Gaming, Simplifying User Onboarding, Blockchain 101, Tokens and Standards",,,,,,,,,,,,
04/04/2024,What is Account Abstraction (ERC-4337),http://transak.com/blog/what-is-account-abstraction,Learning Hub," Explainer, DeFi, Educational, Web3",,,,,,,,,,,,
16/04/2024,Bitcoin Halving Countdown - LIVE,http://transak.com/blog/bitcoin-halving-countdown,,,,,,,,,,,,,,
17/04/2024,What are Bitcoin Stamps and SRC-20 Tokens?,http://transak.com/blog/what-are-bitcoin-stamps-and-src-20-tokens,Learning Hub," Explainer, DeFi, Educational, Web3",,,,,,,,,,,,
18/04/2024,Top 7 Hardware Wallets for Beginners,http://transak.com/blog/top-hardware-wallets-for-beginners,Learning Hub," Explainer, DeFi, Educational, Web3",,,,,,,,,,,,
23/04/2024,10 Beginner-Friendly Crypto Mobile Wallets in 2024,http://transak.com/blog/beginner-friendly-crypto-mobile-wallets,Learning Hub," Explainer, DeFi, Educational, Web3",,,,,,,,,,,,
26/04/2024,"Transak Enables Fiat Purchases on VeChain's New NFT Marketplace Service, Supports Gresini Racing's First Collection",http://transak.com/blog/transak-enables-fiat-purchases-on-vechains-new-nft-marketplace-service,News & Press Release," Partnerships and Integrations, Web3, Simplifying User Onboarding, Blockchain 101, NFTs",,,,,,,,,,,,
02/05/2024,What Is A Bull Market And How To Make The Most Out Of It?,http://transak.com/blog/what-is-a-crypto-bull-market,Learning Hub," Explainer, DeFi, Educational, Web3",,,,,,,,,,,,
02/05/2024,What is RWA Tokenization?,http://transak.com/blog/what-is-rwa-tokenization,Learning Hub," Explainer, DeFi, Educational, Web3",,,,,,,,,,,,
03/05/2024,What is Decentralized Finance (DeFi)? Sealing the Cracks in TradFi,http://transak.com/blog/what-is-decentralized-finance-defi,Learning Hub," Explainer, DeFi, Educational, Web3",,,,,,,,,,,,
03/05/2024,12 RWA Tokenization Projects to Watch Out in 2024,http://transak.com/blog/rwa-tokenization-projects-to-watch-out-for,Learning Hub," Explainer, DeFi, Educational, Web3",,,,,,,,,,,,
03/05/2024,9 Bitcoin Ordinals Collections to Keep an Eye on in 2024,http://transak.com/blog/bitcoin-ordinals-collections-to-keep-an-eye-on,Learning Hub," Explainer, DeFi, Educational, Web3",,,,,,,,,,,,
07/05/2024,Custodial Wallets vs Non-Custodial Wallets: Control or Convenience?,http://transak.com/blog/custodial-wallets-vs-non-custodial-wallets,Learning Hub," Explainer, DeFi, Educational, Web3, wallets",,,,,,,,,,,,
07/05/2024,What is Web3? The Ownership-Driven Decentralized Web,http://transak.com/blog/what-is-web3-decentralized-web,Learning Hub," Explainer, DeFi, Educational, Web3",,,,,,,,,,,,
08/05/2024,What Are Bitcoin Runes? Runes Protocol Explained,http://transak.com/blog/what-are-bitcoin-runes,Learning Hub," Explainer, DeFi, Educational, Web3",,,,,,,,,,,,
10/05/2024,How RWA Tokenization Unlocks Decentralized Loans?,http://transak.com/blog/tokenizing-real-world-assets,Learning Hub," Explainer, DeFi, Educational, Web3",,,,,,,,,,,,
14/05/2024,Software Crypto Wallets vs. Hardware Crypto Wallets: Which is Better?,http://transak.com/blog/software-crypto-wallets-vs-hardware-crypto-wallets,Learning Hub," Explainer, DeFi, Educational, Web3, wallets",,,,,,,,,,,,
16/05/2024,Transak and Base: Simplifying Crypto Onboarding for the Next Generation,http://transak.com/blog/transak-and-base-simplifying-crypto-onboarding-for-the-next-generation,News & Press Release," Partnerships and Integrations, Web3, Simplifying User Onboarding, Blockchain 101",,,,,,,,,,,,
17/05/2024,Top 9 RWA Tokenization Use Cases - Going Beyond Buzz Words,http://transak.com/blog/top-9-rwa-tokenization-use-cases-going-beyond-buzz-words,Learning Hub," Explainer, DeFi, Educational, Web3",,,,,,,,,,,,
17/05/2024,What Is A Security Token & Security Token Offering (STO)?,http://transak.com/blog/what-is-a-security-token-security-token-offering-sto,Learning Hub," Explainer, DeFi, Educational, Web3, Security, Tokens and Standards",,,,,,,,,,,,
17/05/2024,"What is Maximum Extractable Value (MEV), and How Does it Work?",http://transak.com/blog/what-is-maximum-extractable-value-mev-and-how-does-it-work,Learning Hub," Explainer, DeFi, Educational, Web3",,,,,,,,,,,,
20/05/2024,Transak State of RWA Tokenization Report 2024,http://transak.com/blog/transak-state-of-rwa-tokenization-report-2024,Research and Analysis," Explainer, DeFi, Educational, Web3",,,,,,,,,,,,
24/05/2024,What Are Embedded Wallets and Wallet-as-a-Service? The Next Step for Web3 UX,http://transak.com/blog/what-are-embedded-wallets-and-wallet-as-a-service-the-next-step-for-web3-ux,Learning Hub," Explainer, DeFi, Educational, Web3, wallets",,,,,,,,,,,,
29/05/2024,What is PayPal USD? PYUSD Explained To Newbies,http://transak.com/blog/what-is-paypal-usd-pyusd-explained,Learning Hub," Explainer, DeFi, Educational, Web3, Tokens and Standards",,,,,,,,,,,,
30/05/2024,What Are Smart Accounts?,http://transak.com/blog/what-are-smart-accounts,Learning Hub," Explainer, DeFi, Educational, Web3",,,,,,,,,,,,
30/05/2024,What is the Ephemeral Testnet?,http://transak.com/blog/what-is-the-ephemeral-testnet,Learning Hub," Explainer, DeFi, Educational, Web3",,,,,,,,,,,,
30/05/2024,What Is A Testnet? Blockchain Testnets Explained,http://transak.com/blog/what-is-a-testnet-blockchain-testnets-explained,Learning Hub," Explainer, DeFi, Educational, Web3",,,,,,,,,,,,
03/06/2024,Transak Provides Cometh Industry-First Fiat-to-Layer 3 Onboarding Solution,http://transak.com/blog/transak-provides-cometh-industry-first-fiat-to-layer-3-onboarding-solution,News & Press Release," Partnerships and Integrations, Web3, Simplifying User Onboarding, Blockchain 101, Gaming",,,,,,,,,,,,
05/06/2024,"Racing Toward Mass Adoption: Transak Enables First-Ever ZK-Based Virtual Racing Game, zkRace",http://transak.com/blog/racing-toward-mass-adoption-transak-enables-first-ever-zk-based-virtual-racing-game-zkrace,News & Press Release," Partnerships and Integrations, Web3, Simplifying User Onboarding, Blockchain 101, Gaming",,,,,,,,,,,,
07/06/2024,Coin vs. Token - What’s the Difference?,http://transak.com/blog/coin-vs.-token-whats-the-difference,Learning Hub," Explainer, DeFi, Educational, Web3",,,,,,,,,,,,
07/06/2024,7 Trending Solana Meme Coins in 2024,http://transak.com/blog/7-trending-solana-meme-coins-in-2024,Learning Hub," Explainer, DeFi, Educational, Web3",,,,,,,,,,,,
07/06/2024,What is USDT? A Comprehensive Guide to Tether's Stablecoin,http://transak.com/blog/what-is-usdt-a-comprehensive-guide-to-tethers-stablecoin,Learning Hub," Explainer, DeFi, Educational, Web3",,,,,,,,,,,,
07/06/2024,What Are Stablecoins?,http://transak.com/blog/what-are-stablecoins,Learning Hub," Explainer, DeFi, Educational, Web3",,,,,,,,,,,,
13/06/2024,Transak adds support for Etherlink,http://transak.com/blog/transak-adds-support-for-etherlink,News & Press Release," Partnerships and Integrations, Web3, Simplifying User Onboarding, Blockchain 101",,,,,,,,,,,,
14/06/2024,An In-Depth Guide to Decentralized Identities,http://transak.com/blog/an-in-depth-guide-to-decentralized-identities,Learning Hub,"How-to Guides, Explainer, DeFi, Educational",,,,,,,,,,,,
14/06/2024,A Breakdown of Ethereum Pectra Upgrade: EIP Lists & Release Date,http://transak.com/blog/a-breakdown-of-ethereum-pectra-upgrade-eip-lists-release-date,Research and Analysis," Explainer, DeFi, Educational, Web3",,,,,,,,,,,,
14/06/2024,What is an Ethereum ETF? A Simple Explainer,http://transak.com/blog/what-is-an-ethereum-etf-a-simple-explainer,Learning Hub," Explainer, DeFi, Educational, Web3",,,,,,,,,,,,
18/06/2024,Transak makes PayPal USD available across Web3,http://transak.com/blog/transak-makes-paypal-usd-available-across-web3,News & Press Release," Partnerships and Integrations, Web3, Simplifying User Onboarding, Tokens and Standards",,,,,,,,,,,,
24/06/2024,What Does It Mean To Burn Crypto? Token Burning Explained,http://transak.com/blog/what-does-it-mean-to-burn-crypto-token-burning-explained,Learning Hub," Explainer, DeFi, Educational, Web3",,,,,,,,,,,,
24/06/2024,What Is Solana (SOL)?,http://transak.com/blog/what-is-solana-sol,Learning Hub," Explainer, DeFi, Educational, Web3",,,,,,,,,,,,
25/06/2024,Transak and Privado ID Join Forces to Pioneer Decentralized KYC Reusability,http://transak.com/blog/transak-and-privado-id-join-forces-to-pioneer-decentralized-kyc-reusability,News & Press Release," Partnerships and Integrations, Web3, Simplifying User Onboarding, KYC",,,,,,,,,,,,
26/06/2024,What is Tap-to-Earn and How to Get Started? Top T2E Games Listed,http://transak.com/blog/what-is-tap-to-earn-and-how-to-get-started-top-t2e-games-listed,Learning Hub," Explainer, DeFi, Educational, Web3, Gaming",,,,,,,,,,,,
26/06/2024,The Need For A New-Age KYC Solution In A Decentralized World - Introducing ‘Reusable KYC’,http://transak.com/blog/the-need-for-a-new-age-kyc-solution-in-a-decentralized-world-introducing-reusable-kyc,News & Press Release," Product Updates, Web3, Simplifying User Onboarding, KYC",,,,,,,,,,,,
26/06/2024,Transak and Sequence Partner to Solve Payment Complexities for Web3 Games,http://transak.com/blog/transak-and-sequence-partner-to-solve-payment-complexities-for-web3-games,News & Press Release," Partnerships and Integrations, Web3, Gaming, Simplifying User Onboarding, Blockchain 101",,,,,,,,,,,,
01/07/2024,Transak Powers Easy DeFi Entry for Users with Uniswap Partnership,http://transak.com/blog/transak-powers-easy-defi-entry-for-users-with-uniswap-partnership,News & Press Release," Partnerships and Integrations, Web3, Wallets, Simplifying User Onboarding, Blockchain 101",,,,,,,,,,,,
02/07/2024,What is Blind Signing? How to Avoid and When to Enable Blind Signing?,http://transak.com/blog/what-is-blind-signing-how-to-avoid-and-when-to-enable-blind-signing,Learning Hub," Explainer, DeFi, Educational, Web3, Gaming",,,,,,,,,,,,
02/07/2024,How To Choose Your First Crypto Wallet? Look For These 6 Features,http://transak.com/blog/how-to-choose-your-first-crypto-wallet-look-for-these-6-features,Learning Hub," Explainer, DeFi, Educational, Web3, Gaming",,,,,,,,,,,,
05/07/2024,5 Challenges in Crypto Adoption and How to Overcome Them,https://transak.com/blog/5-challenges-in-crypto-adoption-and-how-to-overcome-them,Learning Hub," Explainer, DeFi, Educational, Web3",,,,,,,,,,,,
05/07/2024,What Is A Meme Coin In Crypto And How To Create One?,https://transak.com/blog/what-is-a-meme-coin-in-crypto-and-how-to-create-one,Learning Hub," Explainer, DeFi, Educational, Web3",,,,,,,,,,,,
05/07/2024,5 Ways To Simplify User Onboarding To Crypto Apps,https://transak.com/blog/5-ways-to-simplify-user-onboarding-to-crypto-apps,Learning Hub," Explainer, DeFi, Educational, Web3, Simplifying User Onboarding",,,,,,,,,,,,
12/07/2024,Animoca Brands’ TOWER Ecosystem Integrates Transak To Ease User Onboarding,https://transak.com/blog/animoca-brands-tower-ecosystem-integrates-transak-to-ease-user-onboarding,News & Press Release," Partnerships and Integrations, Web3, Gaming, Simplifying User Onboarding, Blockchain 101",,,,,,,,,,,,
18/07/2024,"VeChain’s VeWorld Wallet Adds Apple Pay powered fiat on-ramp, Supported by Transak Integration",https://transak.com/blog/vechains-veworld-wallet-adds-apple-pay-powered-fiat-on-ramp-supported-by-transak-integration,News & Press Release," Partnerships and Integrations, Web3, Wallets, Simplifying User Onboarding, Blockchain 101",,,,,,,,,,,,
19/07/2024,What Is Solscan And How To Use It?,https://transak.com/blog/what-is-solscan-and-how-to-use-it,Learning Hub," Explainer, DeFi, Educational, Web3, How-to Guides",,,,,,,,,,,,
19/07/2024,What Is BscScan And How To Use It?,https://transak.com/blog/what-is-bscscan-and-how-to-use-it,Learning Hub," Explainer, DeFi, Educational, Web3, How-to Guides",,,,,,,,,,,,
19/07/2024,What Is TRONSCAN And How To Use It?,https://transak.com/blog/what-is-tronscan-and-how-to-use-it,Learning Hub," Explainer, DeFi, Educational, Web3, How-to Guides",,,,,,,,,,,,
19/07/2024,What Is EtherScan And How To Use It?,https://transak.com/blog/what-is-etherscan-and-how-to-use-it,Learning Hub," Explainer, DeFi, Educational, Web3, How-to Guides",,,,,,,,,,,,
29/07/2024,What Is A Blockchain Explorer? A Search Engine For Blockchains,https://transak.com/blog/what-is-a-blockchain-explorer-a-search-engine-for-blockchains,Learning Hub," Explainer, DeFi, Educational, Web3, Blockchain 101",,,,,,,,,,,,
30/07/2024,What Is A Crypto Mixer (a.k.a. Tumbler)?,https://transak.com/blog/what-is-a-crypto-mixer-a.k.a.-tumbler,Learning Hub," Explainer, DeFi, Educational, Web3, Blockchain 101",,,,,,,,,,,,
30/07/2024,What Is The Blockchain Trilemma? A Race For All Blockchains,https://transak.com/blog/what-is-the-blockchain-trilemma-a-race-for-all-blockchains,Learning Hub," Explainer, DeFi, Educational, Web3, Blockchain 101",,,,,,,,,,,,
30/07/2024,What Is The Stablecoin Trilemma? A Deep Dive Into The Triple Constraint,https://transak.com/blog/what-is-the-stablecoin-trilemma-a-deep-dive-into-the-triple-constraint,Learning Hub," Explainer, DeFi, Educational, Web3, Blockchain 101, Tokens & Standards",,,,,,,,,,,,
06/08/2024,A First For US Users: Transak Introduces Wire Transfer To Purchase Cryptocurrencies,https://transak.com/blog/a-first-for-us-users-transak-introduces-wire-transfer-to-purchase-cryptocurrencies,News & Press Release," Product Updates, Web3, Simplifying User Onboarding,Launch, Expansion",,,,,,,,,,,,
09/08/2024,What Are Crypto Whales And How To Track Them?,https://transak.com/blog/what-are-crypto-whales-and-how-to-track-them,Learning Hub," Explainer, DeFi, Educational, Web3, Blockchain 101",,,,,,,,,,,,
09/08/2024,What is TRON? A Comprehensive Guide of the TRON Ecosystem,https://transak.com/blog/what-is-tron-a-comprehensive-guide-to-tron-ecosystem,News & Press Release," Partnerships and Integrations, Web3, Simplifying User Onboarding, Blockchain 101",,,,,,,,,,,,
13/08/2024,Transak Lists $PEPE and $BONK Meme Coins,https://transak.com/blog/transak-lists-pepe-and-bonk-meme-coins,News & Press Release," Partnerships and Integrations, Web3, Simplifying User Onboarding, Blockchain 101, Product Updates, Tokens & Standards",,,,,,,,,,,,
16/08/2024,What Is A Decentralized Application (DApp)? A Beginner’s Handbook,https://transak.com/blog/what-is-a-decentralized-application-dapp-a-beginners-handbook,Learning Hub," Explainer, DeFi, Educational, Web3, Blockchain 101",,,,,,,,,,,,
16/08/2024,What Is A Wallet Address? A Beginners Guide To Crypto Wallet Addresses,https://transak.com/blog/what-is-a-wallet-address-a-beginners-guide-to-crypto-wallet-addresses,Learning Hub," Explainer, DeFi, Educational, Web3, Blockchain 101, Wallets",,,,,,,,,,,,
25/08/2024,Top 7 Seedless Wallets Of 2024 And Beyond,https://transak.com/blog/top-7-seedless-wallets-of-2024-and-beyond,Learning Hub," Explainer, DeFi, Educational, Web3, Blockchain 101, Wallets",,,,,,,,,,,,
25/08/2024,What Is A Seed Phrase And How Does It Secure Your Cryptocurrency?,https://transak.com/blog/what-is-a-seed-phrase-and-how-does-it-secure-your-cryptocurrency,Learning Hub," Explainer, DeFi, Educational, Web3, Blockchain 101, Wallets",,,,,,,,,,,,
25/08/2024,What Is Tokenomics and Why Does It Matter?,https://transak.com/blog/what-is-tokenomics-and-why-does-it-matter,Learning Hub," Explainer, DeFi, Educational, Web3, Blockchain 101, Tokens and Standards",,,,,,,,,,,,
25/08/2024,What is GameFi? A Beginner’s Handbook To Next Gen Games With Transak,https://transak.com/blog/what-is-gamefi-a-beginners-handbook-to-next-gen-games-with-transak,Learning Hub," Explainer, DeFi, Educational, Web3, Blockchain 101, Gaming",,,,,,,,,,,,
02/09/2024,What is Soneium? A Comprehensive Guide to Sony’s Ethereum-Based L2,https://transak.com/blog/what-is-soneium-a-comprehensive-guide-to-sonys-ethereum-based-l2,Learning Hub," Explainer, DeFi, Educational, Web3, Blockchain 101",,,,,,,,,,,,
03/09/2024,Transak to Support Global Onboarding for Soneium,https://transak.com/blog/sony-block-solution-labs-joins-forces-with-transak-to-onboard-5.7m-global-web3-users-to-soneium,News & Press Release," Partnerships and Integrations, Web3, Simplifying User Onboarding, Blockchain 101",,,,,,,,,,,,
09/09/2024,"What Are Wrapped Tokens? WBTC, WETH, And More Explained",https://transak.com/blog/what-are-wrapped-tokens-wbtc-weth-and-more-explained,,,,,,,,,,,,,,
12/09/2024,Web3 Apps: Incomplete Without An On-/Off-Ramp?,https://transak.com/blog/web3-apps-incomplete-without-an-on-/off-ramp,,,,,,,,,,,,,,
12/09/2024,Hawaiians Can Now Say ‘Aloha’ To Crypto With Transak,https://transak.com/blog/hawaiians-can-now-say-aloha-to-crypto-with-transak,,,,,,,,,,,,,,
28/09/2024,"What Are Blockchain Nodes, How They Work, And How To Set Up?",https://transak.com/blog/what-are-blockchain-nodes-how-they-work-and-how-to-set-up,,,,,,,,,,,,,,
28/09/2024,What Are Layer 2 Blockchains And How Do They Work? L1 vs L2 Networks Explained,https://transak.com/blog/what-are-layer-2-blockchains-and-how-do-they-work-l1-vs-l2-networks-explained,,,,,,,,,,,,,,
02/10/2024,"Transak NFT Checkout Now Integrated with Sequence Marketplace Solutions: Many NFTs, One Click, Your Currency",https://transak.com/blog/transak-nft-checkout-now-integrated-with-sequence-marketplace-solutions-many-nfts-one-click-your-currency,,,,,,,,,,,,,,
03/10/2024,Transak Secures Alabama Money Transmitter License: A Win For US Crypto,https://transak.com/blog/transak-secures-alabama-money-transmitter-license-a-win-for-us-crypto,,,,,,,,,,,,,,
14/10/2024,What Are Blockchain Node Sales?,https://transak.com/blog/what-are-blockchain-node-sales,,,,,,,,,,,,,,
14/10/2024,"What Is The Superchain Ecosystem? Soneium, Base, Mantle, and more!",https://transak.com/blog/what-is-the-superchain-ecosystem-soneium-base-mantle-and-more,,,,,,,,,,,,,,
14/10/2024,What Is DePIN? A Beginner’s Handbook To Decentralized Physical Infrastrucutre Network,https://transak.com/blog/what-is-depin-a-beginners-handbook-to-decentralized-physical-infrastrucutre-network,,,,,,,,,,,,,,
14/10/2024,What Is MOODENG? Baby Hippo Becomes A Solana Meme Coin,https://transak.com/blog/what-is-moodeng-baby-hippo-becomes-a-solana-meme-coin,,,,,,,,,,,,,,
21/10/2024,Transparency and Action: Transak’s Response to a Recent Security Incident,https://transak.com/blog/transak-security-incident-oct-2024,,,,,,,,,,,,,,
24/10/2024,Update on Transak Security Incident,https://transak.com/blog/transak-security-incident-update-oct-2024,,,,,,,,,,,,,,
25/10/2024,US Money Transmitter License: A Deep Dive And Why It Matters For Web3,https://transak.com/blog/us-money-transmitter-license-a-deep-dive-and-why-it-matters-for-web3,,,,,,,,,,,,,,
29/10/2024,Transak Powers Explosive 300% Growth By Volume In Sui Wallet,https://transak.com/blog/transak-powers-explosive-300-growth-by-volume-in-sui-wallet,,,,,,,,,,,,,,
03/11/2024,"Transak Secures Money Transmitter License in Delaware, Strengthening Regulatory Footprint Across the U.S.",https://transak.com/blog/transak-secures-money-transmitter-license-in-delaware-strengthening-regulatory-footprint-across-the-u.s,,,,,,,,,,,,,,
03/11/2024,"Transak Canada Achieves FINTRAC Registration, Strengthening Commitment to Secure and Compliant Crypto Access",https://transak.com/blog/transak-canada-achieves-fintrac-registration-strengthening-commitment-to-secure-and-compliant-crypto-access,,,,,,,,,,,,,,
07/11/2024,Transak to Provide NFT Checkout to Fast ForWorld by Lamborghini,https://transak.com/blog/transak-to-provide-nft-checkout-to-fast-forworld-by-lamborghini,,,,,,,,,,,,,,
11/11/2024,Devcon 2024 Guide: What To Expect And How To Network,https://transak.com/blog/devcon-2024-guide,,,,,,,,,,,,,,
11/11/2024,What Are Airdrops? A Beginner’s Handbook To Crypto And NFT Airdrops,https://transak.com/blog/what-are-airdrops-a-beginners-handbook-to-crypto-and-nft-airdrops,,,,,,,,,,,,,,
11/11/2024,How To Get Airdrops (And Top 10 Airdrop Hunting Tools Revealed For 2025),https://transak.com/blog/how-to-get-airdrops-and-top-10-airdrop-hunting-tools-revealed-for-2025,,,,,,,,,,,,,,
12/11/2024,Transak Now Live On Newmoney.ai For Improved Digital Asset Access,https://transak.com/blog/transak-now-on-newmoney.ai-for-improved-digital-asset-access,,,,,,,,,,,,,,
14/11/2024,How To Use Transak Stream: Cash Out Cryptocurrency Instantly,https://transak.com/blog/-temporary-slug-430790ed-bea0-43d5-8327-4e557cc37e1f,,,,,,,,,,,,,,
19/11/2024,What Is Peanut the Squirrel (PNUT): The Meme Coin That Made The Internet Cry,https://transak.com/blog/what-is-peanut-the-squirrel-pnut,,,,,,,,,,,,,,
22/11/2024,Transak Now On Zerion Wallet And Is Exclusive On-Ramp For ZERϴ Network,https://transak.com/blog/transak-now-on-zerion-wallet-and-is-exclusive-on-ramp-for-zerθ-network,,,,,,,,,,,,,,
26/11/2024,"James Young, Transak’s Head of Compliance, Joins Elliptic’s Client Advisory Board",https://transak.com/blog/james-young-transaks-head-of-compliance-joins-elliptics-client-advisory-board,,,,,,,,,,,,,,
29/11/2024,"LogX Integrates Transak One, Enabling Fiat-to-Smart Contract Functionality",https://transak.com/blog/logx-integrates-transak-one-enabling-fiat-to-smart-contract-functionality,,,,,,,,,,,,,,
01/12/2024,What Are Crypto Airdrop Scams (Tips To Identify And Avoid Them In 2025),https://transak.com/blog/crypto-nft-airdrop-scams-2025,,,,,,,,,,,,,,
01/12/2024,What Is BTCFi? Understanding Bitcoin's Decentralized Finance Landscape,https://transak.com/blog/what-is-btcfi-bitcoin-defi,,,,,,,,,,,,,,
05/12/2024,How to Use Transak Stream: Fastest Crypto-to-Fiat Conversions,https://transak.com/blog/how-to-use-transak-stream,,,,,,,,,,,,,,
05/12/2024,"Crypto’s Fastest-Growing Wallet, Phantom, Integrates Transak",https://transak.com/blog/cryptos-fastest-growing-wallet-phantom-integrates-transak,,,,,,,,,,,,,,
07/12/2024,Top Solana Wallets In 2025 And Beyond,https://transak.com/blog/top-solana-wallets-2025,,,,,,,,,,,,,,
13/12/2024,Introducing Transak Stream: From Crypto-To-Cash In One Click,https://transak.com/blog/introducing-transak-stream-from-crypto-to-cash-in-one-click,,,,,,,,,,,,,,
17/12/2024,What Are Crypto Prediction Markets In DeFi?,https://transak.com/blog/crypto-prediction-markets-defi,,,,,,,,,,,,,,
02/01/2025,Top 10 AI Agent Cryptocurrencies To Watch In 2025,https://transak.com/blog/top-10-ai-agent-coins-2025,,,,,,,,,,,,,,
02/01/2025,From Joke To Utility: How Meme Coin Projects Are Evolving Into Beneficial Ecosystems,https://transak.com/blog/meme-coin-to-utility,,,,,,,,,,,,,,
09/01/2025,Transak Joins Forces with Ronin: Seamless Fiat-to-Crypto Onboarding and NFT Checkout,https://transak.com/blog/transak-joins-forces-with-ronin-seamless-fiat-to-crypto-onboarding-and-nft-checkout,,,,,,,,,,,,,,
23/01/2025,"How To Buy MELANIA Coin With Credit Cards, Apple Pay, Bank, And More",https://transak.com/blog/how-to-buy-melania-coin,,,,,,,,,,,,,,
23/01/2025,"How To Buy OFFICIAL TRUMP Coin With Credit Cards, Apple Pay, Bank, And More",https://transak.com/blog/how-to-buy-trump-coin,,,,,,,,,,,,,,
23/01/2025,What Is PENGU? The $1.5 Billion Airdrop Meme Coin,https://transak.com/blog/what-is-pengu-meme-coin-pudgy-penguins,,,,,,,,,,,,,,
23/01/2025,Transak Powers Uranium.io to Bring Tokenized Uranium to the Masses,https://transak.com/blog/transak-powers-uranium.io-to-bring-tokenized-uranium-to-the-masses,,,,,,,,,,,,,,
27/01/2025,What Are Tokenized Treasury Bills? Best Guide To Blockchain-Based T-Bills,https://transak.com/blog/what-are-tokenized-treasury-bills,,,,,,,,,,,,,,
27/01/2025,How To Invest In Tokenized U.S. Treasury Bills? A Step-By-Step Guide,https://transak.com/blog/invest-in-tokenized-us-treasury-bills,,,,,,,,,,,,,,
29/01/2025,Transak Powers Opera’s MiniPay to Enhance Stablecoin Accessibility Across 50+ Countries,https://transak.com/blog/transak-powers-operas-minipay-to-enhance-stablecoin-accessibility-across-50-countries,,,,,,,,,,,,,,
12/02/2025,Transak to Support Unichain for Easy On- & Off-ramping,https://transak.com/blog/transak-to-support-unichain-for-easy-on-off-ramping,,,,,,,,,,,,,,
13/02/2025,Transak Becomes the Core On-Ramp for Story,https://transak.com/blog/transak-becomes-the-core-on-ramp-for-story,,,,,,,,,,,,,,
18/02/2025,What Is Rollup-as-a-Service: A Guide To RaaS Tech Stacks And Top 5 RaaS Providers,https://transak.com/blog/what-is-rollup-as-a-service-a-guide-to-raas-tech-stacks-and-top-5-raas-providers,,,,,,,,,,,,,,
20/02/2025,M2 Integrates Transak’s On-Ramp to Enable Crypto Adoption Across International Markets,https://transak.com/blog/m2-integrates-transaks-on-ramp-to-enable-crypto-adoption-across-international-markets,,,,,,,,,,,,,,
20/02/2025,Transak Expands U.S. Presence With Illinois & Missouri Money Transmitter License Approval,https://transak.com/blog/transak-expands-u.s.-presence-with-illinois-missouri-money-transmitter-license-approval,,,,,,,,,,,,,,
28/02/2025,Uniswap Wallet Enables Off-Ramping with Transak,https://transak.com/blog/uniswap-wallet-enables-off-ramping-with-transak,,,,,,,,,,,,,,
04/03/2025,MetaMask Expands Off-Ramping Capabilities With Transak: 10+ Networks,https://transak.com/blog/metamask-expands-off-ramping-capabilities-with-transak-10-networks,,,,,,,,,,,,,,
05/03/2025,What Is A Flatcoin? A New Stablecoin Is Here,https://transak.com/blog/what-is-flatcoin-crypto,,,,,,,,,,,,,,
05/03/2025,What Is Kaito? The Data Layer For The Attention Economy,https://transak.com/blog/what-is-kaito-ai,,,,,,,,,,,,,,
06/03/2025,Transak Expands to Australia - Gets Approved as a Digital Currency Exchange,https://transak.com/blog/transak-expands-to-australia,,,,,,,,,,,,,,
11/03/2025,"MegaETH vs. Monad: Two Paths to Faster, Cheaper Ethereum Transactions",https://transak.com/blog/megaeth-vs-monad,,,,,,,,,,,,,,
20/03/2025,Top 10 Crypto Narratives of 2025: Web3’s Future Is Here,https://transak.com/blog/top-10-crypto-trends-2025,,,,,,,,,,,,,,
08/04/2025,What Is Sonic Blockchain? Fantom’s Evolution to a High-Speed Layer 1,https://transak.com/blog/what-is-sonic-blockchain,,,,,,,,,,,,,,
08/04/2025,What Is Solayer and InfiniSVM? Solana Restaking Is Here!,https://transak.com/blog/what-is-solayer,,,,,,,,,,,,,,
08/04/2025,Transak Integrated On Fastex Exchange — Expands Accessibility And Lists $FTN,https://transak.com/blog/transak-integrated-on-fastex-exchange-expands-accessibility-and-lists-ftn,,,,,,,,,,,,,,
11/04/2025,What Is Pi Network? How To Sell Your Pi Coins (PI) In 2025?,https://transak.com/blog/what-is-pi-network,,,,,,,,,,,,,,
16/04/2025,Passive Income With Stablecoins: What Are Yield-Bearing Stablecoins?,https://transak.com/blog/yield-bearing-stablecoins,,,,,,,,,,,,,,
18/04/2025,7 Best Crypto Newsletters: The Only List You Need,https://transak.com/blog/best-crypto-newsletters,,,,,,,,,,,,,,
23/04/2025,What Is Memecoin Sniping? Crypto Sniper Bots Guide For 2025,https://transak.com/blog/crypto-memecoin-sniping-guide,,,,,,,,,,,,,,
06/05/2025,Ledger Live Integrates Transak Off-Ramp: More Ways to Sell Crypto Securely,https://transak.com/blog/ledger-live-integrates-transak-off-ramp-more-ways-to-sell-crypto-securely,,,,,,,,,,,,,,
16/05/2025,What Is Restaking In Crypto? How To Restake Crypto & Earn In 2025,https://transak.com/blog/what-is-restaking-in-crypto-how-to-restake-crypto-earn-in-2025,,,,,,,,,,,,,,
19/05/2025,"What Is Bitcoin Pizza Day? Pay 10,000 BTC, Get Pizza!",https://transak.com/blog/bitcoin-pizza-day,,,,,,,,,,,,,,
23/05/2025,What Is Open Interest in Crypto Trading?,https://transak.com/blog/what-is-open-interest-crypto-trading,,,,,,,,,,,,,,
30/05/2025,Why You Can Trust Blockchain (Even When You Can’t Trust People)?,https://transak.com/blog/how-does-a-blockchain-remain-secure,,,,,,,,,,,,,,
30/05/2025,What Are Dark Stablecoins? The Secret Future Of Stablecoins,https://transak.com/blog/dark-stablecoins,,,,,,,,,,,,,,
01/06/2025,How Galxe Quests Level Up User Acquisition for dApps (What’s Next?),https://transak.com/blog/web3-quests-with-galxe-and-transak,,,,,,,,,,,,,,
03/06/2025,What Is Crypto OTC Trading? Institutional Trading 101,https://transak.com/blog/crypto-otc,,,,,,,,,,,,,,
19/06/2025,Privacy Coins Will Make You Untraceable! 6 Best Privacy Coins For 2025,https://transak.com/blog/privacy-coins,,,,,,,,,,,,,,
26/06/2025,Case Study: How Galxe Simplified Onchain Onboarding with Transak’s KYC Reliance,https://transak.com/blog/galxe-x-transak,,,,,,,,,,,,,,
03/07/2025,🔐 Trust Notice: Beware of Lookalike Domains Pretending to Be Transak,https://transak.com/blog/trust-notice,,,,,,,,,,,,,,
04/07/2025,What Is RLUSD Stablecoin And How Does It Work?,https://transak.com/blog/what-is-ripple-usd-rlusd,,,,,,,,,,,,,,
08/07/2025,Tether Gold (XAU₮) Now On Transak: Humanity’s Oldest Store of Value Meets World’s Leading On-Ramp,https://transak.com/blog/tether-gold-xaut-now-on-transak,,,,,,,,,,,,,,
09/07/2025,Stablecoin & Crypto Cards Explained: Ultimate Crypto Card Guide for 2025,https://transak.com/blog/stablecoin-crypto-cards,,,,,,,,,,,,,,
09/07/2025,RLUSD Is Now Available Via Transak,https://transak.com/blog/rlusd-is-now-available-via-transak,,,,,,,,,,,,,,
10/07/2025,The New Dollar Standard: How Stablecoins Are Becoming Global Money,https://transak.com/blog/the-new-dollar-standard,,,,,,,,,,,,,,
10/07/2025,"Transak Lists HYPE, Supporting the Hyperliquid Ecosystem",https://transak.com/blog/transak-lists-hype,,,,,,,,,,,,,,
16/07/2025,How to Buy Crypto via Wire Transfer in the USA,https://transak.com/blog/buy-with-wire-transfers,,,,,,,,,,,,,,
17/07/2025,Test Case Study 1,https://transak.com/case-studies/test-case-study-1,,,,,,,,,,,,,,
17/07/2025,How Galxe Simplified Onchain Onboarding with Transak’s KYC Reliance,https://transak.com/case-studies/galxe,,,,,,,,,,,,,,
22/07/2025,Transak to Facilitate SOL Purchases on MetaMask’s Multi-chain Expansion,https://transak.com/blog/transak-to-facilitate-sol-purchases-on-metamasks-multi-chain-expansion,,,,,,,,,,,,,,
25/07/2025,What Are Cross-Border Payments & Why Use Blockchain For It?,https://transak.com/blog/what-are-cross-border-payments-why-use-blockchain-for-it,,,,,,,,,,,,,,
25/07/2025,Why Global Users Need Local Payments in a Multichain Future,https://transak.com/blog/local-payments-for-multi-chain-future,,,,,,,,,,,,,,
30/07/2025,What Is The GENIUS Act? A CEO’s Guide To The US Stablecoin Legislation,https://transak.com/blog/what-is-the-genius-act-a-ceos-guide-to-the-us-stablecoin-legislation,,,,,,,,,,,,,,
30/07/2025,How The GENIUS Act Is Opening New Grounds For Stablecoin Adoption in The US,https://transak.com/blog/how-the-genius-act-is-opening-new-grounds-for-stablecoin-adoption-in-the-us,,,,,,,,,,,,,,
31/07/2025,What is Embedded Finance? The Hidden Rails Powering Stablecoin Adoption,https://transak.com/blog/what-is-embedded-finance-the-hidden-rails-powering-stablecoin-adoption,,,,,,,,,,,,,,
31/07/2025,How MiCA Is Opening New Grounds For Stablecoin Adoption in The EU,https://transak.com/blog/how-mica-is-opening-new-grounds-for-stablecoin-adoption-in-the-eu,,,,,,,,,,,,,,
31/07/2025,How Transak Abstracts the Messy Middle of Stablecoin Payments,https://transak.com/blog/how-transak-abstracts-the-messy-middle-of-stablecoin-payments,,,,,,,,,,,,,,
07/08/2025,How to Sell Crypto on Ledger Live via Transak,https://transak.com/blog/how-to-sell-crypto-on-ledger-live-via-transak,,,,,,,,,,,,,,
10/08/2025,"Transak Lists USDe by Ethena, Third-Largest Tokenized Dollar By Market Cap",https://transak.com/blog/transak-lists-usde-by-ethena-third-largest-tokenized-dollar-by-market-cap,,,,,,,,,,,,,,
10/08/2025,Why FinTechs Are Turning To Stablecoins: Key Benefits And Challenges,https://transak.com/blog/why-fintechs-are-turning-to-stablecoins-key-benefits-and-challenges,,,,,,,,,,,,,,
12/08/2025,Transak Raises $16M Strategic Round from Tether and IDG Capital to Scale Stablecoin Payments Infrastructure,https://transak.com/blog/strategic-fundraise,,,,,,,,,,,,,,
16/08/2025,Stablecoins vs. Bitcoin: 7 Major Differences Explained,https://transak.com/blog/stablecoins-vs-bitcoin,,,,,,,,,,,,,,
22/08/2025,What Makes A Stablecoin “Enterprise-Grade”?,https://transak.com/blog/what-makes-a-stablecoin-enterprise-grade,,,,,,,,,,,,,,
29/08/2025,What Makes a Stablecoin “Enterprise-Acceptable” From a Licensing Standpoint,https://transak.com/blog/enterprise-stablecoin-licensing,,,,,,,,,,,,,,
04/09/2025,"Transak joins the Fireblocks Network for Payments, bringing global fiat-to-stablecoin rails to institutions worldwide",https://transak.com/blog/transak-joins-the-fireblocks-network-for-payments-bringing-global-fiat-to-stablecoin-rails-to-institutions-worldwide,,,,,,,,,,,,,,
15/09/2025,Case Study: How MetaMask Launched ‘Deposit’ using Transak’s White-Label APIs to Redefine Stablecoin Onramping,https://transak.com/blog/metamask-transak,,,,,,,,,,,,,,
15/09/2025,Transak and MetaMask join forces to offer 1:1 stablecoin onramping and named IBANs,https://transak.com/blog/transak-and-metamask-join-forces-to-offer-11-stablecoin-onramping-and-named-ibans,,,,,,,,,,,,,,
18/09/2025,Stablecoin Remittances: The Next Frontier in Fintech,https://transak.com/blog/stablecoin-remittances,,,,,,,,,,,,,,
18/09/2025,Why Smart Companies Are Building Their Own Stablecoin Rails,https://transak.com/blog/why-smart-companies-are-building-their-own-stablecoin-rails,,,,,,,,,,,,,,
20/09/2025,Why VCs Are Betting on Stablecoin Infrastructure in 2025,https://transak.com/blog/why-vcs-are-betting-on-stablecoin-infrastructure-in-2025,,,,,,,,,,,,,,
22/09/2025,How Stablecoins Fit Into The Modern Treasury Stack,https://transak.com/blog/how-stablecoins-fit-into-the-modern-treasury-stack,,,,,,,,,,,,,,
22/09/2025,"Transak Powers Access to USDG, the First MiCA-Compliant Stablecoin from Paxos",https://transak.com/blog/transak-powers-access-to-usdg-the-first-mica-compliant-stablecoin-from-paxos,,,,,,,,,,,,,,
23/09/2025,🚀 Meet Team Transak at Token2049 Singapore 2025,https://transak.com/blog/meet-team-transak-at-token2049-singapore-2025,,,,,,,,,,,,,,
25/09/2025,Your Blog Post Title Here...,https://transak.com/seo-pages/-temporary-slug-4d9d0f6b-ad41-4856-8f9a-31eb842134c2,,,,,,,,,,,,,,
25/09/2025,Top 10 Side Events at TOKEN2049 You Can’t Miss,https://transak.com/blog/top-10-side-events-at-token2049-you-cant-miss,,,,,,,,,,,,,,
01/10/2025,Global Money Movement Report 2025: How Stablecoins Are Powering Next-Gen Finance,https://transak.com/blog/stablecoins-powering-global-money-movement-report-2025,,,,,,,,,,,,,,
06/10/2025,Transak Expands Infrastructure with Cobo’s MPC Wallets for OTC and Merchant Operations,https://transak.com/blog/transak-expands-infrastructure-with-cobos-mpc-wallets-for-otc-and-merchant-operations,,,,,,,,,,,,,,
08/10/2025,7 Reasons Stablecoins Are Becoming the Currency of Regulated Businesses,https://transak.com/blog/7-reasons-stablecoins-are-becoming-the-currency-of-regulated-businesses,,,,,,,,,,,,,,
08/10/2025,Why Wallets Are Now Becoming Banks (And How Stablecoins Enable That),https://transak.com/blog/why-wallets-are-now-becoming-banks-and-how-stablecoins-enable-that,,,,,,,,,,,,,,
14/10/2025,Why Stablecoin Fragmentation Is a Problem (and What Can Fix It),https://transak.com/blog/why-stablecoin-fragmentation-is-a-problem-and-what-can-fix-it,,,,,,,,,,,,,,
16/10/2025,Payouts in Stables: What Should You Know,https://transak.com/blog/payouts-in-stables-what-should-you-know,,,,,,,,,,,,,,
16/10/2025,Breaking Down Compliance Challenges in Stablecoin Transactions,https://transak.com/blog/breaking-down-compliance-challenges-in-stablecoin-transactions,,,,,,,,,,,,,,
22/10/2025,"Not All Stablecoins Are Equal: Comparing USDC, USDT, PYUSD & RLUSD",https://transak.com/blog/not-all-stablecoins-are-equal-comparing-usdc-usdt-pyusd-rlusd,,,,,,,,,,,,,,
22/10/2025,What Are RWA Stablecoins? A New Class Of Stablecoins,https://transak.com/blog/what-are-rwa-stablecoins,,,,,,,,,,,,,,
22/10/2025,Decoding The Correspondent Banking System (And How Stablecoins Upgrade It),https://transak.com/blog/what-is-the-correspondent-banking-system-and-how-stablecoins-upgrade-it,,,,,,,,,,,,,,
22/10/2025,10 Incredible Stablecoin Use Cases Beyond Trading in 2026,https://transak.com/blog/stablecoin-use-cases-beyond-trading-in-2026,,,,,,,,,,,,,,
22/10/2025,"Why On-Ramping RLUSD, USDG, and New Stablecoins Matters?",https://transak.com/blog/why-on-ramping-rlusd-usdg-and-new-stablecoins-matters,,,,,,,,,,,,,,
22/10/2025,What Is Circle Payments Network (CPN)?,https://transak.com/blog/what-is-circle-payments-network-cpn,,,,,,,,,,,,,,
23/10/2025,Stablecoin Onboarding: Bringing People and Businesses into Finance with Digital Dollars,https://transak.com/blog/what-is-stablecoin-onboarding,,,,,,,,,,,,,,
24/10/2025,Your Blog Post Title Here...,https://transak.com/case-studies/-temporary-slug-cb097211-9f4c-442a-9a82-979477ee0072,,,,,,,,,,,,,,
24/10/2025,"Transak Taps Cross River to Deliver Faster, Compliant Fiat-to- Crypto Transactions for Consumers and Businesses",https://transak.com/blog/transak-taps-cross-river-to-deliver-faster-compliant-fiat-to-crypto-transactions-for-consumers-and-businesses,,,,,,,,,,,,,,
30/10/2025,Transak Brings Circle’s EURC to 10 Million Users in the MiCA Era,https://transak.com/blog/eurc-on-transak,,,,,,,,,,,,,,
10/11/2025,Embedded Stablecoin Payments: The Next Evolution in Digital Commerce,https://transak.com/blog/what-are-embedded-stablecoin-payments,,,,,,,,,,,,,,
11/11/2025,"Transak Deepens U.S. Regulatory Footprint, Now Licensed in 11 States for Stablecoin Payments",https://transak.com/blog/transak-deepens-u.s.-regulatory-footprint-now-licensed-in-11-states-for-stablecoin-payments,,,,,,,,,,,,,,
13/11/2025,What Is the European Travel Rule and How It’s Impacting Crypto Payments,https://transak.com/blog/crypto-travel-rule,,,,,,,,,,,,,,
13/11/2025,Open vs. Closed Stablecoin Ecosystems: Which One Will Survive A Crash?,https://transak.com/blog/open-vs.-closed-stablecoin-ecosystems-which-one-will-survive-a-crash,,,,,,,,,,,,,,
14/11/2025,What is Stablecoin-as-a-Service? Launch Your Own Stablecoin with SCaaS!,https://transak.com/blog/what-is-stablecoin-as-a-service-launch-your-own-stablecoin-with-scaas,,,,,,,,,,,,,,
19/11/2025,The Evolution of Crypto Payments: From Wallets to Embedded Infrastructure,https://transak.com/blog/evolution-of-crypto-payments,,,,,,,,,,,,,,
20/11/2025,Why The US Prefers Stablecoins While EU Has Heart For CBDCs,https://transak.com/blog/why-the-us-prefers-stablecoins-while-eu-has-heart-for-cbdcs,,,,,,,,,,,,,,
25/11/2025,How Crypto Payment Processors Are Powering the Internet of Value,https://transak.com/blog/crypto-payment-processors-and-internet-of-value,,,,,,,,,,,,,,
02/12/2025,"Transak Integrates Monad at Mainnet Launch, Unlocking Global Access to MON",https://transak.com/blog/transak-integrates-monad-at-mainnet-launch-unlocking-global-access-to-mon,,,,,,,,,,,,,,
08/12/2025,How Stablecoins Are Powering the Next Generation of Crypto Payment Platforms,https://transak.com/blog/how-stablecoins-are-powering-the-next-generation-of-crypto-payment-platforms,,,,,,,,,,,,,,
17/12/2025,What is x402? It Could Power a $30 Trillion Agent Economy?,https://transak.com/blog/what-is-x402,,,,,,,,,,,,,,
20/12/2025,A Step-by-Step Guide to Blockchain Payments,https://transak.com/blog/a-step-by-step-guide-to-blockchain-payments,,,,,,,,,,,,,,
23/12/2025,What Is A Neobank (And How They Can Improve Payments With Crypto Rails),https://transak.com/blog/what-is-a-neobank-and-how-they-can-improve-payments-with-crypto-rails,,,,,,,,,,,,,,
29/12/2025,How Neobanks Can Increase Profits Using Stablecoin Rails,https://transak.com/blog/how-neobanks-can-increase-profits-using-stablecoin-rails,,,,,,,,,,,,,,
29/12/2025,Accept Payments in Crypto: Starter’s Guide for Businesses,https://transak.com/blog/how-neobanks-can-increase-profits-using-stablecoin-rails,,,,,,,,,,,,,,
02/01/2026,Transak in 2025,https://transak.com/blog/transak-in-2025,,,,,,,,,,,,,,
15/01/2026,What Is PayFi (Payment Finance)?,https://transak.com/blog/what-is-payfi,,,,,,,,,,,,,,
19/01/2026,What Is The CLARITY Act? The Most Comprehensive U.S. Crypto Market Structure Bill,https://transak.com/blog/the-clarity-act,,,,,,,,,,,,,,
20/01/2026,List of 18 Stablecoin and Crypto Payments Events in 2026,https://transak.com/blog/list-of-18-stablecoin-and-crypto-payments-events-in-2026,,,,,,,,,,,,,,
20/01/2026,Report on Africa’s Fintech Ecosystem & The Rise of Stablecoin Payments,https://transak.com/blog/africa-fintech-stablecoin-report-2026,,,,,,,,,,,,,,
27/01/2026,The Stablecoin Playbook for 2026,https://transak.com/blog/stablecoin-playbook-2026,,,,,,,,,,,,,,
27/01/2026,How Crypto Cards Benefit from Invisible Stablecoin Rails for Crypto Payments,https://transak.com/blog/crypto-cards-stablecoin-rails,,,,,,,,,,,,,,
28/01/2026,What Is CHAPS? Understanding UK’s CHAPS Payment System for B2B Transactions,https://transak.com/blog/what-is-chaps,,,,,,,,,,,,,,
28/01/2026,What Is Stablecoin Orchestration?,https://transak.com/blog/what-is-stablecoin-orchestration,,,,,,,,,,,,,,
04/02/2026,Transak Now Supports Google and Apple SSO for Faster Sign-In,https://transak.com/blog/faster-simpler-logins-on-transak-with-google-and-apple-sso,,,,,,,,,,,,,,
12/02/2026,Transak Brings Seamless Fiat On-Ramps to MegaETH – Making Real-Time Ethereum Accessible to Millions Worldwide,https://transak.com/blog/transak-brings-seamless-fiat-on-ramps-to-megaeth-making-real-time-ethereum-accessible-to-millions-worldwide,,,,,,,,,,,,,,
16/02/2026,How Australian Fintechs Can Add Crypto Features Without An AFSL,https://transak.com/blog/add-crypto-to-app-without-afsl,,,,,,,,,,,,,,
17/02/2026,Transak Powers SEI Onboarding on Sei’s Market Infrastructure Grid,https://transak.com/blog/transak-powers-sei,,,,,,,,,,,,,,
18/02/2026,How to Enable Apple Pay and Google Pay for Crypto Purchases in Australia,https://transak.com/blog/buy-crypto-australia-apple-pay-google-pay,,,,,,,,,,,,,,
19/02/2026,State of Stablecoins in Australia,https://transak.com/blog/stablecoins-in-australia,,,,,,,,,,,,,,
23/02/2026,How Platforms Are Adding Stablecoin Rails Without Becoming a Crypto Company,https://transak.com/blog/transak-stream-for-platforms,,,,,,,,,,,,,,
25/02/2026,Why AUSTRAC Compliance Matters for Platforms Expanding to Australia,https://transak.com/blog/austrac-compliance-guide-for-australia-platforms,,,,,,,,,,,,,,
26/02/2026,What Is The Stablecoin Sandwich?,https://transak.com/blog/what-is-stablecoin-sandwich,,,,,,,,,,,,,,
27/02/2026,What Are Programmatic Payments and How Transak Enables Them,https://transak.com/blog/what-are-programmatic-payments,,,,,,,,,,,,,,
